date,release_id,release_name
2019-06-21,441,Coinbase Cryptocurrencies
2019-06-21,440,Coinbase Index
2019-06-21,86,Commercial Paper
2019-06-21,72,Daily Treasury Inflation-Indexed Securities
2019-06-21,279,Economic Policy Uncertainty
2019-06-21,378,Federal Funds Data
2019-06-21,101,FOMC Press Release
2019-06-21,18,H.15 Selected Interest Rates
2019-06-21,22,H.8 Assets and Liabilities of Commercial Banks in the United States
2019-06-21,185,Interest on Required Balances and Excess Balances
2019-06-21,304,Interest Rate Spreads
2019-06-21,446,Labor Force Participation by State
2019-06-21,256,LBMA Gold Price: Daily Prices
2019-06-21,442,LBMA Silver Price: Daily Prices
2019-06-21,106,M2 Own Rate
2019-06-21,63,M2 Related Series
2019-06-21,61,Money Zero Maturity (MZM)
2019-06-21,427,Moody's Daily Corporate Bond Yield Averages
2019-06-21,328,NASDAQ
2019-06-21,287,Nikkei Indexes
2019-06-21,375,Overnight Bank Funding Rate Data
2019-06-21,301,Real Money Stock Measures
2019-06-21,242,Recession Indicators Series
2019-06-21,284,Russell Indexes
2019-06-21,445,Secured Overnight Financing Rate Data
2019-06-21,308,"State and Metro Area Employment, Hours, and Earnings"
2019-06-21,112,State Employment and Unemployment
2019-06-21,400,St. Louis Fed Economic News Index
2019-06-21,78,St. Louis Monthly Reserves and Monetary Base
2019-06-21,305,Swiss National Bank Monthly Statistical Bulletin
2019-06-21,379,Temporary Open Market Operations
2019-06-21,298,Texas Employment Data
2019-06-20,319,BIS Effective Exchange Rate Indices
2019-06-20,200,CBOE Market Statistics
2019-06-20,441,Coinbase Cryptocurrencies
2019-06-20,440,Coinbase Index
2019-06-20,86,Commercial Paper
2019-06-20,72,Daily Treasury Inflation-Indexed Securities
2019-06-20,279,Economic Policy Uncertainty
2019-06-20,378,Federal Funds Data
2019-06-20,101,FOMC Press Release
2019-06-20,18,H.15 Selected Interest Rates
2019-06-20,19,H.3 Aggregate Reserves of Depository Institutions and the Monetary Base
2019-06-20,283,H.3 Aggregate Reserves of Depository Institutions and the Monetary Base  (data not included in press release)
2019-06-20,20,H.4.1 Factors Affecting Reserve Balances
2019-06-20,21,H.6 Money Stock Measures
2019-06-20,89,Household Debt Service and Financial Obligations Ratios
2019-06-20,209,ICE BofAML Indices
2019-06-20,185,Interest on Required Balances and Excess Balances
2019-06-20,304,Interest Rate Spreads
2019-06-20,256,LBMA Gold Price: Daily Prices
2019-06-20,442,LBMA Silver Price: Daily Prices
2019-06-20,351,Manufacturing Business Outlook Survey
2019-06-20,427,Moody's Daily Corporate Bond Yield Averages
2019-06-20,328,NASDAQ
2019-06-20,287,Nikkei Indexes
2019-06-20,375,Overnight Bank Funding Rate Data
2019-06-20,190,Primary Mortgage Market Survey
2019-06-20,242,Recession Indicators Series
2019-06-20,284,Russell Indexes
2019-06-20,100,Seasonal Credit Rate
2019-06-20,445,Secured Overnight Financing Rate Data
2019-06-20,79,St. Louis Bi-Weekly Reserves and Monetary Base
2019-06-20,187,St. Louis Fed Financial Stress Index
2019-06-20,105,St. Louis Weekly Reserves and Monetary Base
2019-06-20,379,Temporary Open Market Operations
2019-06-20,180,Unemployment Insurance Weekly Claims Report
2019-06-20,49,U.S. International Transactions
2019-06-20,196,Wilshire Indexes
2019-06-19,200,CBOE Market Statistics
2019-06-19,221,Chicago Fed National Financial Conditions Index
2019-06-19,441,Coinbase Cryptocurrencies
2019-06-19,440,Coinbase Index
2019-06-19,86,Commercial Paper
2019-06-19,72,Daily Treasury Inflation-Indexed Securities
2019-06-19,279,Economic Policy Uncertainty
2019-06-19,378,Federal Funds Data
2019-06-19,101,FOMC Press Release
2019-06-19,18,H.15 Selected Interest Rates
2019-06-19,209,ICE BofAML Indices
2019-06-19,185,Interest on Required Balances and Excess Balances
2019-06-19,304,Interest Rate Spreads
2019-06-19,256,LBMA Gold Price: Daily Prices
2019-06-19,442,LBMA Silver Price: Daily Prices
2019-06-19,427,Moody's Daily Corporate Bond Yield Averages
2019-06-19,328,NASDAQ
2019-06-19,342,Natural Gas Spot and Futures Prices (NYMEX)
2019-06-19,287,Nikkei Indexes
2019-06-19,375,Overnight Bank Funding Rate Data
2019-06-19,242,Recession Indicators Series
2019-06-19,284,Russell Indexes
2019-06-19,445,Secured Overnight Financing Rate Data
2019-06-19,212,Spot Prices
2019-06-19,326,Summary of Economic Projections
2019-06-19,379,Temporary Open Market Operations
2019-06-19,196,Wilshire Indexes
2019-06-18,322,Business Leaders Survey
2019-06-18,280,Cass Freight Index Report
2019-06-18,200,CBOE Market Statistics
2019-06-18,441,Coinbase Cryptocurrencies
2019-06-18,440,Coinbase Index
2019-06-18,86,Commercial Paper
2019-06-18,72,Daily Treasury Inflation-Indexed Securities
2019-06-18,279,Economic Policy Uncertainty
2019-06-18,378,Federal Funds Data
2019-06-18,101,FOMC Press Release
2019-06-18,386,GDPNow
2019-06-18,18,H.15 Selected Interest Rates
2019-06-18,251,Harmonized Indices of Consumer Prices (HICP)
2019-06-18,209,ICE BofAML Indices
2019-06-18,185,Interest on Required Balances and Excess Balances
2019-06-18,304,Interest Rate Spreads
2019-06-18,256,LBMA Gold Price: Daily Prices
2019-06-18,442,LBMA Silver Price: Daily Prices
2019-06-18,427,Moody's Daily Corporate Bond Yield Averages
2019-06-18,328,NASDAQ
2019-06-18,27,New Residential Construction
2019-06-18,287,Nikkei Indexes
2019-06-18,375,Overnight Bank Funding Rate Data
2019-06-18,365,Primary Commodity Prices
2019-06-18,242,Recession Indicators Series
2019-06-18,284,Russell Indexes
2019-06-18,445,Secured Overnight Financing Rate Data
2019-06-18,379,Temporary Open Market Operations
2019-06-18,196,Wilshire Indexes
2019-06-17,200,CBOE Market Statistics
2019-06-17,441,Coinbase Cryptocurrencies
2019-06-17,440,Coinbase Index
2019-06-17,86,Commercial Paper
2019-06-17,72,Daily Treasury Inflation-Indexed Securities
2019-06-17,279,Economic Policy Uncertainty
2019-06-17,321,Empire State Manufacturing Survey
2019-06-17,378,Federal Funds Data
2019-06-17,101,FOMC Press Release
2019-06-17,15,G.5 Foreign Exchange Rates
2019-06-17,183,Gasoline and Diesel Fuel Update
2019-06-17,17,H.10 Foreign Exchange Rates
2019-06-17,18,H.15 Selected Interest Rates
2019-06-17,209,ICE BofAML Indices
2019-06-17,185,Interest on Required Balances and Excess Balances
2019-06-17,304,Interest Rate Spreads
2019-06-17,239,International Financial Statistics
2019-06-17,256,LBMA Gold Price: Daily Prices
2019-06-17,442,LBMA Silver Price: Daily Prices
2019-06-17,427,Moody's Daily Corporate Bond Yield Averages
2019-06-17,328,NASDAQ
2019-06-17,287,Nikkei Indexes
2019-06-17,375,Overnight Bank Funding Rate Data
2019-06-17,242,Recession Indicators Series
2019-06-17,284,Russell Indexes
2019-06-17,445,Secured Overnight Financing Rate Data
2019-06-17,379,Temporary Open Market Operations
2019-06-17,317,Weekly National Rates and Rate Caps
2019-06-17,71,Weekly Treasury Inflation-Indexed Securities
2019-06-17,196,Wilshire Indexes
2019-06-16,441,Coinbase Cryptocurrencies
2019-06-16,440,Coinbase Index
2019-06-14,9,Advance Monthly Sales for Retail and Food Services
2019-06-14,200,CBOE Market Statistics
2019-06-14,441,Coinbase Cryptocurrencies
2019-06-14,440,Coinbase Index
2019-06-14,86,Commercial Paper
2019-06-14,72,Daily Treasury Inflation-Indexed Securities
2019-06-14,279,Economic Policy Uncertainty
2019-06-14,378,Federal Funds Data
2019-06-14,101,FOMC Press Release
2019-06-14,13,G.17 Industrial Production and Capacity Utilization
2019-06-14,386,GDPNow
2019-06-14,18,H.15 Selected Interest Rates
2019-06-14,122,H.4.1 Factors Affecting Reserve Balances (data not included in press release)
2019-06-14,22,H.8 Assets and Liabilities of Commercial Banks in the United States
2019-06-14,209,ICE BofAML Indices
2019-06-14,253,ICE Libor Rates
2019-06-14,444,ICE Swap Rates
2019-06-14,185,Interest on Required Balances and Excess Balances
2019-06-14,304,Interest Rate Spreads
2019-06-14,256,LBMA Gold Price: Daily Prices
2019-06-14,442,LBMA Silver Price: Daily Prices
2019-06-14,106,M2 Own Rate
2019-06-14,63,M2 Related Series
2019-06-14,205,Main Economic Indicators
2019-06-14,25,Manufacturing and Trade Inventories and Sales
2019-06-14,61,Money Zero Maturity (MZM)
2019-06-14,436,Monthly Retail Trade and Food Services
2019-06-14,427,Moody's Daily Corporate Bond Yield Averages
2019-06-14,328,NASDAQ
2019-06-14,287,Nikkei Indexes
2019-06-14,375,Overnight Bank Funding Rate Data
2019-06-14,301,Real Money Stock Measures
2019-06-14,242,Recession Indicators Series
2019-06-14,284,Russell Indexes
2019-06-14,445,Secured Overnight Financing Rate Data
2019-06-14,92,Selected Real Retail Sales Series
2019-06-14,78,St. Louis Monthly Reserves and Monetary Base
2019-06-14,379,Temporary Open Market Operations
2019-06-14,196,Wilshire Indexes
2019-06-13,200,CBOE Market Statistics
2019-06-13,441,Coinbase Cryptocurrencies
2019-06-13,440,Coinbase Index
2019-06-13,86,Commercial Paper
2019-06-13,402,Corporate Bond Yield Curve
2019-06-13,72,Daily Treasury Inflation-Indexed Securities
2019-06-13,279,Economic Policy Uncertainty
2019-06-13,378,Federal Funds Data
2019-06-13,101,FOMC Press Release
2019-06-13,18,H.15 Selected Interest Rates
2019-06-13,19,H.3 Aggregate Reserves of Depository Institutions and the Monetary Base
2019-06-13,20,H.4.1 Factors Affecting Reserve Balances
2019-06-13,21,H.6 Money Stock Measures
2019-06-13,371,Hornstein-Kudlyak-Lange Non-Employment Index
2019-06-13,209,ICE BofAML Indices
2019-06-13,253,ICE Libor Rates
2019-06-13,444,ICE Swap Rates
2019-06-13,185,Interest on Required Balances and Excess Balances
2019-06-13,304,Interest Rate Spreads
2019-06-13,256,LBMA Gold Price: Daily Prices
2019-06-13,442,LBMA Silver Price: Daily Prices
2019-06-13,383,Market Value of U.S. Government Debt
2019-06-13,427,Moody's Daily Corporate Bond Yield Averages
2019-06-13,328,NASDAQ
2019-06-13,287,Nikkei Indexes
2019-06-13,375,Overnight Bank Funding Rate Data
2019-06-13,190,Primary Mortgage Market Survey
2019-06-13,382,Real Trade-Weighted Value of the Dollar by U.S. State
2019-06-13,242,Recession Indicators Series
2019-06-13,284,Russell Indexes
2019-06-13,445,Secured Overnight Financing Rate Data
2019-06-13,79,St. Louis Bi-Weekly Reserves and Monetary Base
2019-06-13,187,St. Louis Fed Financial Stress Index
2019-06-13,105,St. Louis Weekly Reserves and Monetary Base
2019-06-13,379,Temporary Open Market Operations
2019-06-13,180,Unemployment Insurance Weekly Claims Report
2019-06-13,188,U.S. Import and Export Price Indexes
2019-06-13,196,Wilshire Indexes
2019-06-12,200,CBOE Market Statistics
2019-06-12,221,Chicago Fed National Financial Conditions Index
2019-06-12,441,Coinbase Cryptocurrencies
2019-06-12,440,Coinbase Index
2019-06-12,86,Commercial Paper
2019-06-12,10,Consumer Price Index
2019-06-12,315,Current Median CPI
2019-06-12,72,Daily Treasury Inflation-Indexed Securities
2019-06-12,279,Economic Policy Uncertainty
2019-06-12,345,Experimental Consumer Price Index
2019-06-12,378,Federal Funds Data
2019-06-12,101,FOMC Press Release
2019-06-12,18,H.15 Selected Interest Rates
2019-06-12,209,ICE BofAML Indices
2019-06-12,253,ICE Libor Rates
2019-06-12,444,ICE Swap Rates
2019-06-12,185,Interest on Required Balances and Excess Balances
2019-06-12,304,Interest Rate Spreads
2019-06-12,256,LBMA Gold Price: Daily Prices
2019-06-12,442,LBMA Silver Price: Daily Prices
2019-06-12,363,Monthly Treasury Statement
2019-06-12,427,Moody's Daily Corporate Bond Yield Averages
2019-06-12,328,NASDAQ
2019-06-12,342,Natural Gas Spot and Futures Prices (NYMEX)
2019-06-12,287,Nikkei Indexes
2019-06-12,375,Overnight Bank Funding Rate Data
2019-06-12,301,Real Money Stock Measures
2019-06-12,242,Recession Indicators Series
2019-06-12,284,Russell Indexes
2019-06-12,445,Secured Overnight Financing Rate Data
2019-06-12,394,Spliced Oil Price
2019-06-12,212,Spot Prices
2019-06-12,313,Sticky Price CPI
2019-06-12,320,Tech Pulse
2019-06-12,379,Temporary Open Market Operations
2019-06-12,339,Transportation Services Index (TSI)
2019-06-12,196,Wilshire Indexes
2019-06-11,200,CBOE Market Statistics
2019-06-11,441,Coinbase Cryptocurrencies
2019-06-11,440,Coinbase Index
2019-06-11,86,Commercial Paper
2019-06-11,72,Daily Treasury Inflation-Indexed Securities
2019-06-11,279,Economic Policy Uncertainty
2019-06-11,378,Federal Funds Data
2019-06-11,101,FOMC Press Release
2019-06-11,18,H.15 Selected Interest Rates
2019-06-11,209,ICE BofAML Indices
2019-06-11,253,ICE Libor Rates
2019-06-11,444,ICE Swap Rates
2019-06-11,185,Interest on Required Balances and Excess Balances
2019-06-11,304,Interest Rate Spreads
2019-06-11,341,Kansas City Fed Labor Market Conditions Indicators
2019-06-11,256,LBMA Gold Price: Daily Prices
2019-06-11,442,LBMA Silver Price: Daily Prices
2019-06-11,427,Moody's Daily Corporate Bond Yield Averages
2019-06-11,328,NASDAQ
2019-06-11,287,Nikkei Indexes
2019-06-11,375,Overnight Bank Funding Rate Data
2019-06-11,46,Producer Price Index
2019-06-11,242,Recession Indicators Series
2019-06-11,284,Russell Indexes
2019-06-11,445,Secured Overnight Financing Rate Data
2019-06-11,379,Temporary Open Market Operations
2019-06-11,80,Treasury Bulletin
2019-06-11,196,Wilshire Indexes
2019-06-10,200,CBOE Market Statistics
2019-06-10,441,Coinbase Cryptocurrencies
2019-06-10,440,Coinbase Index
2019-06-10,86,Commercial Paper
2019-06-10,279,Economic Policy Uncertainty
2019-06-10,378,Federal Funds Data
2019-06-10,101,FOMC Press Release
2019-06-10,15,G.5 Foreign Exchange Rates
2019-06-10,183,Gasoline and Diesel Fuel Update
2019-06-10,17,H.10 Foreign Exchange Rates
2019-06-10,18,H.15 Selected Interest Rates
2019-06-10,209,ICE BofAML Indices
2019-06-10,253,ICE Libor Rates
2019-06-10,444,ICE Swap Rates
2019-06-10,185,Interest on Required Balances and Excess Balances
2019-06-10,304,Interest Rate Spreads
2019-06-10,239,International Financial Statistics
2019-06-10,192,Job Openings and Labor Turnover
2019-06-10,198,Kansas City Financial Stress Index
2019-06-10,256,LBMA Gold Price: Daily Prices
2019-06-10,442,LBMA Silver Price: Daily Prices
2019-06-10,427,Moody's Daily Corporate Bond Yield Averages
2019-06-10,328,NASDAQ
2019-06-10,287,Nikkei Indexes
2019-06-10,375,Overnight Bank Funding Rate Data
2019-06-10,242,Recession Indicators Series
2019-06-10,284,Russell Indexes
2019-06-10,445,Secured Overnight Financing Rate Data
2019-06-10,379,Temporary Open Market Operations
2019-06-10,317,Weekly National Rates and Rate Caps
2019-06-10,71,Weekly Treasury Inflation-Indexed Securities
2019-06-10,196,Wilshire Indexes
2019-06-09,441,Coinbase Cryptocurrencies
2019-06-09,440,Coinbase Index
2019-06-09,269,National Accounts of Japan
2019-06-07,200,CBOE Market Statistics
2019-06-07,441,Coinbase Cryptocurrencies
2019-06-07,440,Coinbase Index
2019-06-07,86,Commercial Paper
2019-06-07,72,Daily Treasury Inflation-Indexed Securities
2019-06-07,279,Economic Policy Uncertainty
2019-06-07,50,Employment Situation
2019-06-07,378,Federal Funds Data
2019-06-07,101,FOMC Press Release
2019-06-07,14,G.19 Consumer Credit
2019-06-07,386,GDPNow
2019-06-07,18,H.15 Selected Interest Rates
2019-06-07,122,H.4.1 Factors Affecting Reserve Balances (data not included in press release)
2019-06-07,22,H.8 Assets and Liabilities of Commercial Banks in the United States
2019-06-07,209,ICE BofAML Indices
2019-06-07,253,ICE Libor Rates
2019-06-07,444,ICE Swap Rates
2019-06-07,185,Interest on Required Balances and Excess Balances
2019-06-07,304,Interest Rate Spreads
2019-06-07,334,Labor Force Status Flows from the Current Population Survey
2019-06-07,256,LBMA Gold Price: Daily Prices
2019-06-07,442,LBMA Silver Price: Daily Prices
2019-06-07,106,M2 Own Rate
2019-06-07,63,M2 Related Series
2019-06-07,61,Money Zero Maturity (MZM)
2019-06-07,290,Monthly Wholesale Trade: Sales and Inventories
2019-06-07,427,Moody's Daily Corporate Bond Yield Averages
2019-06-07,328,NASDAQ
2019-06-07,287,Nikkei Indexes
2019-06-07,375,Overnight Bank Funding Rate Data
2019-06-07,301,Real Money Stock Measures
2019-06-07,242,Recession Indicators Series
2019-06-07,284,Russell Indexes
2019-06-07,445,Secured Overnight Financing Rate Data
2019-06-07,400,St. Louis Fed Economic News Index
2019-06-07,78,St. Louis Monthly Reserves and Monetary Base
2019-06-07,93,"Supplemental Estimates, Motor Vehicles"
2019-06-07,379,Temporary Open Market Operations
2019-06-07,196,Wilshire Indexes
2019-06-06,200,CBOE Market Statistics
2019-06-06,441,Coinbase Cryptocurrencies
2019-06-06,440,Coinbase Index
2019-06-06,86,Commercial Paper
2019-06-06,72,Daily Treasury Inflation-Indexed Securities
2019-06-06,279,Economic Policy Uncertainty
2019-06-06,378,Federal Funds Data
2019-06-06,101,FOMC Press Release
2019-06-06,386,GDPNow
2019-06-06,18,H.15 Selected Interest Rates
2019-06-06,19,H.3 Aggregate Reserves of Depository Institutions and the Monetary Base
2019-06-06,283,H.3 Aggregate Reserves of Depository Institutions and the Monetary Base  (data not included in press release)
2019-06-06,20,H.4.1 Factors Affecting Reserve Balances
2019-06-06,21,H.6 Money Stock Measures
2019-06-06,357,Hours of Wage and Salary Workers on Nonfarm Payrolls by Sector
2019-06-06,209,ICE BofAML Indices
2019-06-06,253,ICE Libor Rates
2019-06-06,444,ICE Swap Rates
2019-06-06,185,Interest on Required Balances and Excess Balances
2019-06-06,304,Interest Rate Spreads
2019-06-06,256,LBMA Gold Price: Daily Prices
2019-06-06,442,LBMA Silver Price: Daily Prices
2019-06-06,427,Moody's Daily Corporate Bond Yield Averages
2019-06-06,300,Mortgage Debt Outstanding
2019-06-06,328,NASDAQ
2019-06-06,267,National Accounts - GDP (Eurostat)
2019-06-06,287,Nikkei Indexes
2019-06-06,375,Overnight Bank Funding Rate Data
2019-06-06,190,Primary Mortgage Market Survey
2019-06-06,47,Productivity and Costs
2019-06-06,288,Quarterly Services Survey
2019-06-06,242,Recession Indicators Series
2019-06-06,284,Russell Indexes
2019-06-06,100,Seasonal Credit Rate
2019-06-06,445,Secured Overnight Financing Rate Data
2019-06-06,79,St. Louis Bi-Weekly Reserves and Monetary Base
2019-06-06,187,St. Louis Fed Financial Stress Index
2019-06-06,105,St. Louis Weekly Reserves and Monetary Base
2019-06-06,379,Temporary Open Market Operations
2019-06-06,180,Unemployment Insurance Weekly Claims Report
2019-06-06,51,U.S. International Trade in Goods and Services
2019-06-06,449,"U.S. Trade in Goods by State, by NAICS-Based Product"
2019-06-06,196,Wilshire Indexes
2019-06-06,52,Z.1 Financial Accounts of the United States
2019-06-05,194,ADP National Employment Report
2019-06-05,200,CBOE Market Statistics
2019-06-05,221,Chicago Fed National Financial Conditions Index
2019-06-05,372,Chicago Fed Survey of Business Conditions
2019-06-05,441,Coinbase Cryptocurrencies
2019-06-05,440,Coinbase Index
2019-06-05,86,Commercial Paper
2019-06-05,72,Daily Treasury Inflation-Indexed Securities
2019-06-05,279,Economic Policy Uncertainty
2019-06-05,378,Federal Funds Data
2019-06-05,101,FOMC Press Release
2019-06-05,18,H.15 Selected Interest Rates
2019-06-05,209,ICE BofAML Indices
2019-06-05,253,ICE Libor Rates
2019-06-05,444,ICE Swap Rates
2019-06-05,185,Interest on Required Balances and Excess Balances
2019-06-05,304,Interest Rate Spreads
2019-06-05,256,LBMA Gold Price: Daily Prices
2019-06-05,442,LBMA Silver Price: Daily Prices
2019-06-05,427,Moody's Daily Corporate Bond Yield Averages
2019-06-05,328,NASDAQ
2019-06-05,342,Natural Gas Spot and Futures Prices (NYMEX)
2019-06-05,287,Nikkei Indexes
2019-06-05,375,Overnight Bank Funding Rate Data
2019-06-05,362,Quarterly Census of Employment and Wages
2019-06-05,434,Quarterly Financial Report
2019-06-05,242,Recession Indicators Series
2019-06-05,284,Russell Indexes
2019-06-05,445,Secured Overnight Financing Rate Data
2019-06-05,212,Spot Prices
2019-06-05,379,Temporary Open Market Operations
2019-06-05,196,Wilshire Indexes
2019-06-04,266,Bank of Japan Accounts
2019-06-04,200,CBOE Market Statistics
2019-06-04,441,Coinbase Cryptocurrencies
2019-06-04,440,Coinbase Index
2019-06-04,86,Commercial Paper
2019-06-04,325,Credit to Non-Financial Sector
2019-06-04,327,Debt Securities Statistics
2019-06-04,279,Economic Policy Uncertainty
2019-06-04,378,Federal Funds Data
2019-06-04,101,FOMC Press Release
2019-06-04,18,H.15 Selected Interest Rates
2019-06-04,209,ICE BofAML Indices
2019-06-04,253,ICE Libor Rates
2019-06-04,444,ICE Swap Rates
2019-06-04,185,Interest on Required Balances and Excess Balances
2019-06-04,304,Interest Rate Spreads
2019-06-04,256,LBMA Gold Price: Daily Prices
2019-06-04,442,LBMA Silver Price: Daily Prices
2019-06-04,95,"Manufacturer's Shipments, Inventories, and Orders (M3) Survey"
2019-06-04,427,Moody's Daily Corporate Bond Yield Averages
2019-06-04,328,NASDAQ
2019-06-04,287,Nikkei Indexes
2019-06-04,375,Overnight Bank Funding Rate Data
2019-06-04,242,Recession Indicators Series
2019-06-04,284,Russell Indexes
2019-06-04,445,Secured Overnight Financing Rate Data
2019-06-04,379,Temporary Open Market Operations
2019-06-04,271,Weekly Financial Statements of the Eurosystem
2019-06-04,196,Wilshire Indexes
2019-06-03,200,CBOE Market Statistics
2019-06-03,441,Coinbase Cryptocurrencies
2019-06-03,440,Coinbase Index
2019-06-03,86,Commercial Paper
2019-06-03,229,Construction Spending
2019-06-03,72,Daily Treasury Inflation-Indexed Securities
2019-06-03,279,Economic Policy Uncertainty
2019-06-03,378,Federal Funds Data
2019-06-03,238,Financial Soundness Indicators
2019-06-03,101,FOMC Press Release
2019-06-03,15,G.5 Foreign Exchange Rates
2019-06-03,183,Gasoline and Diesel Fuel Update
2019-06-03,386,GDPNow
2019-06-03,17,H.10 Foreign Exchange Rates
2019-06-03,18,H.15 Selected Interest Rates
2019-06-03,209,ICE BofAML Indices
2019-06-03,253,ICE Libor Rates
2019-06-03,444,ICE Swap Rates
2019-06-03,185,Interest on Required Balances and Excess Balances
2019-06-03,304,Interest Rate Spreads
2019-06-03,239,International Financial Statistics
2019-06-03,256,LBMA Gold Price: Daily Prices
2019-06-03,442,LBMA Silver Price: Daily Prices
2019-06-03,70,Monthly Treasury Inflation-Indexed Securities
2019-06-03,427,Moody's Daily Corporate Bond Yield Averages
2019-06-03,328,NASDAQ
2019-06-03,287,Nikkei Indexes
2019-06-03,375,Overnight Bank Funding Rate Data
2019-06-03,206,Quarterly National Accounts
2019-06-03,242,Recession Indicators Series
2019-06-03,284,Russell Indexes
2019-06-03,445,Secured Overnight Financing Rate Data
2019-06-03,245,Summary Measures of the Foreign Exchange Value of the Dollar
2019-06-03,379,Temporary Open Market Operations
2019-06-03,261,U.S. Recession Probabilities
2019-06-03,317,Weekly National Rates and Rate Caps
2019-06-03,71,Weekly Treasury Inflation-Indexed Securities
2019-06-03,196,Wilshire Indexes
2019-06-02,441,Coinbase Cryptocurrencies
2019-06-02,440,Coinbase Index
2019-06-01,169,Turkish Foreign Exchange Intervention
2019-05-31,200,CBOE Market Statistics
2019-05-31,333,Chicago Fed Midwest Economy Index
2019-05-31,441,Coinbase Cryptocurrencies
2019-05-31,440,Coinbase Index
2019-05-31,86,Commercial Paper
2019-05-31,72,Daily Treasury Inflation-Indexed Securities
2019-05-31,279,Economic Policy Uncertainty
2019-05-31,378,Federal Funds Data
2019-05-31,101,FOMC Press Release
2019-05-31,386,GDPNow
2019-05-31,18,H.15 Selected Interest Rates
2019-05-31,22,H.8 Assets and Liabilities of Commercial Banks in the United States
2019-05-31,209,ICE BofAML Indices
2019-05-31,253,ICE Libor Rates
2019-05-31,444,ICE Swap Rates
2019-05-31,185,Interest on Required Balances and Excess Balances
2019-05-31,304,Interest Rate Spreads
2019-05-31,256,LBMA Gold Price: Daily Prices
2019-05-31,442,LBMA Silver Price: Daily Prices
2019-05-31,106,M2 Own Rate
2019-05-31,63,M2 Related Series
2019-05-31,355,Minimum Wage Rates
2019-05-31,61,Money Zero Maturity (MZM)
2019-05-31,427,Moody's Daily Corporate Bond Yield Averages
2019-05-31,328,NASDAQ
2019-05-31,287,Nikkei Indexes
2019-05-31,375,Overnight Bank Funding Rate Data
2019-05-31,54,Personal Income and Outlays
2019-05-31,301,Real Money Stock Measures
2019-05-31,242,Recession Indicators Series
2019-05-31,284,Russell Indexes
2019-05-31,445,Secured Overnight Financing Rate Data
2019-05-31,208,State Leading Indexes
2019-05-31,400,St. Louis Fed Economic News Index
2019-05-31,364,St. Louis Fed Price Pressures Measures
2019-05-31,93,"Supplemental Estimates, Motor Vehicles"
2019-05-31,281,"Supplemental Estimates, Underlying Detail Tables"
2019-05-31,282,"Supplemental Estimates, Underlying Detail Tables, Spliced Series"
2019-05-31,379,Temporary Open Market Operations
2019-05-31,323,Trimmed Mean PCE Inflation Rate
2019-05-31,196,Wilshire Indexes
2019-05-30,435,Advance Economic Indicators
2019-05-30,200,CBOE Market Statistics
2019-05-30,221,Chicago Fed National Financial Conditions Index
2019-05-30,441,Coinbase Cryptocurrencies
2019-05-30,440,Coinbase Index
2019-05-30,86,Commercial Paper
2019-05-30,72,Daily Treasury Inflation-Indexed Securities
2019-05-30,279,Economic Policy Uncertainty
2019-05-30,378,Federal Funds Data
2019-05-30,101,FOMC Press Release
2019-05-30,53,Gross Domestic Product
2019-05-30,18,H.15 Selected Interest Rates
2019-05-30,20,H.4.1 Factors Affecting Reserve Balances
2019-05-30,21,H.6 Money Stock Measures
2019-05-30,209,ICE BofAML Indices
2019-05-30,253,ICE Libor Rates
2019-05-30,444,ICE Swap Rates
2019-05-30,185,Interest on Required Balances and Excess Balances
2019-05-30,304,Interest Rate Spreads
2019-05-30,256,LBMA Gold Price: Daily Prices
2019-05-30,442,LBMA Silver Price: Daily Prices
2019-05-30,193,Money Velocity
2019-05-30,427,Moody's Daily Corporate Bond Yield Averages
2019-05-30,328,NASDAQ
2019-05-30,342,Natural Gas Spot and Futures Prices (NYMEX)
2019-05-30,287,Nikkei Indexes
2019-05-30,375,Overnight Bank Funding Rate Data
2019-05-30,190,Primary Mortgage Market Survey
2019-05-30,242,Recession Indicators Series
2019-05-30,284,Russell Indexes
2019-05-30,445,Secured Overnight Financing Rate Data
2019-05-30,336,Selected Property Price Series
2019-05-30,212,Spot Prices
2019-05-30,79,St. Louis Bi-Weekly Reserves and Monetary Base
2019-05-30,187,St. Louis Fed Financial Stress Index
2019-05-30,105,St. Louis Weekly Reserves and Monetary Base
2019-05-30,379,Temporary Open Market Operations
2019-05-30,180,Unemployment Insurance Weekly Claims Report
2019-05-30,196,Wilshire Indexes
2019-05-29,200,CBOE Market Statistics
2019-05-29,441,Coinbase Cryptocurrencies
2019-05-29,440,Coinbase Index
2019-05-29,86,Commercial Paper
2019-05-29,72,Daily Treasury Inflation-Indexed Securities
2019-05-29,279,Economic Policy Uncertainty
2019-05-29,378,Federal Funds Data
2019-05-29,101,FOMC Press Release
2019-05-29,18,H.15 Selected Interest Rates
2019-05-29,209,ICE BofAML Indices
2019-05-29,253,ICE Libor Rates
2019-05-29,444,ICE Swap Rates
2019-05-29,185,Interest on Required Balances and Excess Balances
2019-05-29,304,Interest Rate Spreads
2019-05-29,256,LBMA Gold Price: Daily Prices
2019-05-29,442,LBMA Silver Price: Daily Prices
2019-05-29,113,Metropolitan Area Employment and Unemployment
2019-05-29,427,Moody's Daily Corporate Bond Yield Averages
2019-05-29,328,NASDAQ
2019-05-29,287,Nikkei Indexes
2019-05-29,375,Overnight Bank Funding Rate Data
2019-05-29,242,Recession Indicators Series
2019-05-29,284,Russell Indexes
2019-05-29,445,Secured Overnight Financing Rate Data
2019-05-29,379,Temporary Open Market Operations
2019-05-29,377,Texas Retail Outlook Survey
2019-05-29,376,Texas Service Sector Outlook Survey
2019-05-29,116,Unemployment in States and Local Areas (all other areas)
2019-05-29,196,Wilshire Indexes
2019-05-28,200,CBOE Market Statistics
2019-05-28,441,Coinbase Cryptocurrencies
2019-05-28,440,Coinbase Index
2019-05-28,86,Commercial Paper
2019-05-28,72,Daily Treasury Inflation-Indexed Securities
2019-05-28,279,Economic Policy Uncertainty
2019-05-28,378,Federal Funds Data
2019-05-28,101,FOMC Press Release
2019-05-28,15,G.5 Foreign Exchange Rates
2019-05-28,183,Gasoline and Diesel Fuel Update
2019-05-28,17,H.10 Foreign Exchange Rates
2019-05-28,18,H.15 Selected Interest Rates
2019-05-28,171,House Price Index
2019-05-28,209,ICE BofAML Indices
2019-05-28,253,ICE Libor Rates
2019-05-28,444,ICE Swap Rates
2019-05-28,185,Interest on Required Balances and Excess Balances
2019-05-28,304,Interest Rate Spreads
2019-05-28,256,LBMA Gold Price: Daily Prices
2019-05-28,442,LBMA Silver Price: Daily Prices
2019-05-28,427,Moody's Daily Corporate Bond Yield Averages
2019-05-28,328,NASDAQ
2019-05-28,287,Nikkei Indexes
2019-05-28,375,Overnight Bank Funding Rate Data
2019-05-28,242,Recession Indicators Series
2019-05-28,284,Russell Indexes
2019-05-28,445,Secured Overnight Financing Rate Data
2019-05-28,199,S&P/Case-Shiller Home Price Indices
2019-05-28,379,Temporary Open Market Operations
2019-05-28,374,Texas Manufacturing Outlook Survey
2019-05-28,274,University of Louisville and Oklahoma State University: LoDI National Index
2019-05-28,71,Weekly Treasury Inflation-Indexed Securities
2019-05-28,196,Wilshire Indexes
2019-05-27,441,Coinbase Cryptocurrencies
2019-05-27,440,Coinbase Index
2019-05-27,279,Economic Policy Uncertainty
2019-05-27,209,ICE BofAML Indices
2019-05-27,239,International Financial Statistics
2019-05-27,287,Nikkei Indexes
2019-05-27,317,Weekly National Rates and Rate Caps
2019-05-26,441,Coinbase Cryptocurrencies
2019-05-26,440,Coinbase Index
2019-05-24,200,CBOE Market Statistics
2019-05-24,441,Coinbase Cryptocurrencies
2019-05-24,440,Coinbase Index
2019-05-24,86,Commercial Paper
2019-05-24,72,Daily Treasury Inflation-Indexed Securities
2019-05-24,279,Economic Policy Uncertainty
2019-05-24,378,Federal Funds Data
2019-05-24,101,FOMC Press Release
2019-05-24,386,GDPNow
2019-05-24,18,H.15 Selected Interest Rates
2019-05-24,22,H.8 Assets and Liabilities of Commercial Banks in the United States
2019-05-24,209,ICE BofAML Indices
2019-05-24,253,ICE Libor Rates
2019-05-24,444,ICE Swap Rates
2019-05-24,185,Interest on Required Balances and Excess Balances
2019-05-24,304,Interest Rate Spreads
2019-05-24,256,LBMA Gold Price: Daily Prices
2019-05-24,442,LBMA Silver Price: Daily Prices
2019-05-24,106,M2 Own Rate
2019-05-24,63,M2 Related Series
2019-05-24,95,"Manufacturer's Shipments, Inventories, and Orders (M3) Survey"
2019-05-24,61,Money Zero Maturity (MZM)
2019-05-24,427,Moody's Daily Corporate Bond Yield Averages
2019-05-24,328,NASDAQ
2019-05-24,287,Nikkei Indexes
2019-05-24,375,Overnight Bank Funding Rate Data
2019-05-24,301,Real Money Stock Measures
2019-05-24,242,Recession Indicators Series
2019-05-24,284,Russell Indexes
2019-05-24,445,Secured Overnight Financing Rate Data
2019-05-24,400,St. Louis Fed Economic News Index
2019-05-24,78,St. Louis Monthly Reserves and Monetary Base
2019-05-24,379,Temporary Open Market Operations
2019-05-24,196,Wilshire Indexes
2019-05-23,200,CBOE Market Statistics
2019-05-23,231,Charge-Off and Delinquency Rates on Loans and Leases at Commercial Banks
2019-05-23,441,Coinbase Cryptocurrencies
2019-05-23,440,Coinbase Index
2019-05-23,86,Commercial Paper
2019-05-23,72,Daily Treasury Inflation-Indexed Securities
2019-05-23,279,Economic Policy Uncertainty
2019-05-23,378,Federal Funds Data
2019-05-23,101,FOMC Press Release
2019-05-23,18,H.15 Selected Interest Rates
2019-05-23,19,H.3 Aggregate Reserves of Depository Institutions and the Monetary Base
2019-05-23,283,H.3 Aggregate Reserves of Depository Institutions and the Monetary Base  (data not included in press release)
2019-05-23,20,H.4.1 Factors Affecting Reserve Balances
2019-05-23,21,H.6 Money Stock Measures
2019-05-23,148,Housing Units Authorized By Building Permits
2019-05-23,209,ICE BofAML Indices
2019-05-23,253,ICE Libor Rates
2019-05-23,444,ICE Swap Rates
2019-05-23,185,Interest on Required Balances and Excess Balances
2019-05-23,304,Interest Rate Spreads
2019-05-23,256,LBMA Gold Price: Daily Prices
2019-05-23,442,LBMA Silver Price: Daily Prices
2019-05-23,427,Moody's Daily Corporate Bond Yield Averages
2019-05-23,328,NASDAQ
2019-05-23,27,New Residential Construction
2019-05-23,97,New Residential Sales
2019-05-23,287,Nikkei Indexes
2019-05-23,375,Overnight Bank Funding Rate Data
2019-05-23,190,Primary Mortgage Market Survey
2019-05-23,242,Recession Indicators Series
2019-05-23,284,Russell Indexes
2019-05-23,100,Seasonal Credit Rate
2019-05-23,445,Secured Overnight Financing Rate Data
2019-05-23,79,St. Louis Bi-Weekly Reserves and Monetary Base
2019-05-23,187,St. Louis Fed Financial Stress Index
2019-05-23,105,St. Louis Weekly Reserves and Monetary Base
2019-05-23,379,Temporary Open Market Operations
2019-05-23,180,Unemployment Insurance Weekly Claims Report
2019-05-23,196,Wilshire Indexes
2019-05-22,200,CBOE Market Statistics
2019-05-22,221,Chicago Fed National Financial Conditions Index
2019-05-22,441,Coinbase Cryptocurrencies
2019-05-22,440,Coinbase Index
2019-05-22,86,Commercial Paper
2019-05-22,72,Daily Treasury Inflation-Indexed Securities
2019-05-22,279,Economic Policy Uncertainty
2019-05-22,378,Federal Funds Data
2019-05-22,101,FOMC Press Release
2019-05-22,18,H.15 Selected Interest Rates
2019-05-22,209,ICE BofAML Indices
2019-05-22,253,ICE Libor Rates
2019-05-22,444,ICE Swap Rates
2019-05-22,185,Interest on Required Balances and Excess Balances
2019-05-22,304,Interest Rate Spreads
2019-05-22,256,LBMA Gold Price: Daily Prices
2019-05-22,442,LBMA Silver Price: Daily Prices
2019-05-22,205,Main Economic Indicators
2019-05-22,427,Moody's Daily Corporate Bond Yield Averages
2019-05-22,342,Natural Gas Spot and Futures Prices (NYMEX)
2019-05-22,287,Nikkei Indexes
2019-05-22,375,Overnight Bank Funding Rate Data
2019-05-22,242,Recession Indicators Series
2019-05-22,284,Russell Indexes
2019-05-22,445,Secured Overnight Financing Rate Data
2019-05-22,212,Spot Prices
2019-05-22,109,State Coincident Indexes
2019-05-22,379,Temporary Open Market Operations
2019-05-22,196,Wilshire Indexes
2019-05-21,200,CBOE Market Statistics
2019-05-21,441,Coinbase Cryptocurrencies
2019-05-21,440,Coinbase Index
2019-05-21,86,Commercial Paper
2019-05-21,72,Daily Treasury Inflation-Indexed Securities
2019-05-21,279,Economic Policy Uncertainty
2019-05-21,378,Federal Funds Data
2019-05-21,101,FOMC Press Release
2019-05-21,18,H.15 Selected Interest Rates
2019-05-21,209,ICE BofAML Indices
2019-05-21,253,ICE Libor Rates
2019-05-21,444,ICE Swap Rates
2019-05-21,185,Interest on Required Balances and Excess Balances
2019-05-21,304,Interest Rate Spreads
2019-05-21,256,LBMA Gold Price: Daily Prices
2019-05-21,442,LBMA Silver Price: Daily Prices
2019-05-21,427,Moody's Daily Corporate Bond Yield Averages
2019-05-21,328,NASDAQ
2019-05-21,287,Nikkei Indexes
2019-05-21,352,Nonmanufacturing Business Outlook Survey
2019-05-21,375,Overnight Bank Funding Rate Data
2019-05-21,242,Recession Indicators Series
2019-05-21,284,Russell Indexes
2019-05-21,445,Secured Overnight Financing Rate Data
2019-05-21,305,Swiss National Bank Monthly Statistical Bulletin
2019-05-21,379,Temporary Open Market Operations
2019-05-21,196,Wilshire Indexes
2019-05-20,200,CBOE Market Statistics
2019-05-20,219,Chicago Fed National Activity Index
2019-05-20,441,Coinbase Cryptocurrencies
2019-05-20,440,Coinbase Index
2019-05-20,86,Commercial Paper
2019-05-20,72,Daily Treasury Inflation-Indexed Securities
2019-05-20,279,Economic Policy Uncertainty
2019-05-20,378,Federal Funds Data
2019-05-20,101,FOMC Press Release
2019-05-20,15,G.5 Foreign Exchange Rates
2019-05-20,183,Gasoline and Diesel Fuel Update
2019-05-20,17,H.10 Foreign Exchange Rates
2019-05-20,18,H.15 Selected Interest Rates
2019-05-20,209,ICE BofAML Indices
2019-05-20,185,Interest on Required Balances and Excess Balances
2019-05-20,304,Interest Rate Spreads
2019-05-20,239,International Financial Statistics
2019-05-20,256,LBMA Gold Price: Daily Prices
2019-05-20,442,LBMA Silver Price: Daily Prices
2019-05-20,427,Moody's Daily Corporate Bond Yield Averages
2019-05-20,328,NASDAQ
2019-05-20,287,Nikkei Indexes
2019-05-20,375,Overnight Bank Funding Rate Data
2019-05-20,242,Recession Indicators Series
2019-05-20,284,Russell Indexes
2019-05-20,445,Secured Overnight Financing Rate Data
2019-05-20,379,Temporary Open Market Operations
2019-05-20,349,U.S. Transportation Data
2019-05-20,317,Weekly National Rates and Rate Caps
2019-05-20,71,Weekly Treasury Inflation-Indexed Securities
2019-05-20,196,Wilshire Indexes
2019-05-19,441,Coinbase Cryptocurrencies
2019-05-19,440,Coinbase Index
2019-05-18,269,National Accounts of Japan
2019-05-17,200,CBOE Market Statistics
2019-05-17,441,Coinbase Cryptocurrencies
2019-05-17,440,Coinbase Index
2019-05-17,86,Commercial Paper
2019-05-17,72,Daily Treasury Inflation-Indexed Securities
2019-05-17,279,Economic Policy Uncertainty
2019-05-17,378,Federal Funds Data
2019-05-17,101,FOMC Press Release
2019-05-17,18,H.15 Selected Interest Rates
2019-05-17,22,H.8 Assets and Liabilities of Commercial Banks in the United States
2019-05-17,251,Harmonized Indices of Consumer Prices (HICP)
2019-05-17,209,ICE BofAML Indices
2019-05-17,253,ICE Libor Rates
2019-05-17,444,ICE Swap Rates
2019-05-17,185,Interest on Required Balances and Excess Balances
2019-05-17,304,Interest Rate Spreads
2019-05-17,446,Labor Force Participation by State
2019-05-17,256,LBMA Gold Price: Daily Prices
2019-05-17,442,LBMA Silver Price: Daily Prices
2019-05-17,106,M2 Own Rate
2019-05-17,63,M2 Related Series
2019-05-17,61,Money Zero Maturity (MZM)
2019-05-17,427,Moody's Daily Corporate Bond Yield Averages
2019-05-17,328,NASDAQ
2019-05-17,287,Nikkei Indexes
2019-05-17,375,Overnight Bank Funding Rate Data
2019-05-17,179,Quarterly Retail E-Commerce Sales
2019-05-17,288,Quarterly Services Survey
2019-05-17,301,Real Money Stock Measures
2019-05-17,382,Real Trade-Weighted Value of the Dollar by U.S. State
2019-05-17,242,Recession Indicators Series
2019-05-17,284,Russell Indexes
2019-05-17,445,Secured Overnight Financing Rate Data
2019-05-17,308,"State and Metro Area Employment, Hours, and Earnings"
2019-05-17,112,State Employment and Unemployment
2019-05-17,426,Status Report of U.S. Government Gold Reserve
2019-05-17,400,St. Louis Fed Economic News Index
2019-05-17,78,St. Louis Monthly Reserves and Monetary Base
2019-05-17,379,Temporary Open Market Operations
2019-05-17,298,Texas Employment Data
2019-05-17,196,Wilshire Indexes
2019-05-16,319,BIS Effective Exchange Rate Indices
2019-05-16,322,Business Leaders Survey
2019-05-16,200,CBOE Market Statistics
2019-05-16,441,Coinbase Cryptocurrencies
2019-05-16,440,Coinbase Index
2019-05-16,86,Commercial Paper
2019-05-16,402,Corporate Bond Yield Curve
2019-05-16,72,Daily Treasury Inflation-Indexed Securities
2019-05-16,279,Economic Policy Uncertainty
2019-05-16,378,Federal Funds Data
2019-05-16,101,FOMC Press Release
2019-05-16,316,G.20 Finance Companies
2019-05-16,386,GDPNow
2019-05-16,18,H.15 Selected Interest Rates
2019-05-16,20,H.4.1 Factors Affecting Reserve Balances
2019-05-16,21,H.6 Money Stock Measures
2019-05-16,209,ICE BofAML Indices
2019-05-16,253,ICE Libor Rates
2019-05-16,444,ICE Swap Rates
2019-05-16,185,Interest on Required Balances and Excess Balances
2019-05-16,304,Interest Rate Spreads
2019-05-16,256,LBMA Gold Price: Daily Prices
2019-05-16,442,LBMA Silver Price: Daily Prices
2019-05-16,351,Manufacturing Business Outlook Survey
2019-05-16,427,Moody's Daily Corporate Bond Yield Averages
2019-05-16,328,NASDAQ
2019-05-16,27,New Residential Construction
2019-05-16,287,Nikkei Indexes
2019-05-16,375,Overnight Bank Funding Rate Data
2019-05-16,190,Primary Mortgage Market Survey
2019-05-16,228,Quarterly Starts and Completions by Purpose and Design
2019-05-16,242,Recession Indicators Series
2019-05-16,284,Russell Indexes
2019-05-16,445,Secured Overnight Financing Rate Data
2019-05-16,79,St. Louis Bi-Weekly Reserves and Monetary Base
2019-05-16,187,St. Louis Fed Financial Stress Index
2019-05-16,105,St. Louis Weekly Reserves and Monetary Base
2019-05-16,379,Temporary Open Market Operations
2019-05-16,254,Travel Volume Trends
2019-05-16,180,Unemployment Insurance Weekly Claims Report
2019-05-16,196,Wilshire Indexes
2019-05-15,9,Advance Monthly Sales for Retail and Food Services
2019-05-15,200,CBOE Market Statistics
2019-05-15,221,Chicago Fed National Financial Conditions Index
2019-05-15,441,Coinbase Cryptocurrencies
2019-05-15,440,Coinbase Index
2019-05-15,86,Commercial Paper
2019-05-15,72,Daily Treasury Inflation-Indexed Securities
2019-05-15,279,Economic Policy Uncertainty
2019-05-15,321,Empire State Manufacturing Survey
2019-05-15,378,Federal Funds Data
2019-05-15,101,FOMC Press Release
2019-05-15,13,G.17 Industrial Production and Capacity Utilization
2019-05-15,386,GDPNow
2019-05-15,18,H.15 Selected Interest Rates
2019-05-15,209,ICE BofAML Indices
2019-05-15,253,ICE Libor Rates
2019-05-15,444,ICE Swap Rates
2019-05-15,185,Interest on Required Balances and Excess Balances
2019-05-15,304,Interest Rate Spreads
2019-05-15,256,LBMA Gold Price: Daily Prices
2019-05-15,442,LBMA Silver Price: Daily Prices
2019-05-15,25,Manufacturing and Trade Inventories and Sales
2019-05-15,436,Monthly Retail Trade and Food Services
2019-05-15,427,Moody's Daily Corporate Bond Yield Averages
2019-05-15,328,NASDAQ
2019-05-15,267,National Accounts - GDP (Eurostat)
2019-05-15,342,Natural Gas Spot and Futures Prices (NYMEX)
2019-05-15,287,Nikkei Indexes
2019-05-15,375,Overnight Bank Funding Rate Data
2019-05-15,242,Recession Indicators Series
2019-05-15,284,Russell Indexes
2019-05-15,445,Secured Overnight Financing Rate Data
2019-05-15,92,Selected Real Retail Sales Series
2019-05-15,394,Spliced Oil Price
2019-05-15,212,Spot Prices
2019-05-15,320,Tech Pulse
2019-05-15,379,Temporary Open Market Operations
2019-05-15,196,Wilshire Indexes
2019-05-14,280,Cass Freight Index Report
2019-05-14,200,CBOE Market Statistics
2019-05-14,441,Coinbase Cryptocurrencies
2019-05-14,440,Coinbase Index
2019-05-14,86,Commercial Paper
2019-05-14,72,Daily Treasury Inflation-Indexed Securities
2019-05-14,279,Economic Policy Uncertainty
2019-05-14,378,Federal Funds Data
2019-05-14,101,FOMC Press Release
2019-05-14,18,H.15 Selected Interest Rates
2019-05-14,209,ICE BofAML Indices
2019-05-14,253,ICE Libor Rates
2019-05-14,444,ICE Swap Rates
2019-05-14,185,Interest on Required Balances and Excess Balances
2019-05-14,304,Interest Rate Spreads
2019-05-14,256,LBMA Gold Price: Daily Prices
2019-05-14,442,LBMA Silver Price: Daily Prices
2019-05-14,427,Moody's Daily Corporate Bond Yield Averages
2019-05-14,328,NASDAQ
2019-05-14,287,Nikkei Indexes
2019-05-14,375,Overnight Bank Funding Rate Data
2019-05-14,242,Recession Indicators Series
2019-05-14,284,Russell Indexes
2019-05-14,445,Secured Overnight Financing Rate Data
2019-05-14,379,Temporary Open Market Operations
2019-05-14,188,U.S. Import and Export Price Indexes
2019-05-14,196,Wilshire Indexes
2019-05-13,200,CBOE Market Statistics
2019-05-13,441,Coinbase Cryptocurrencies
2019-05-13,440,Coinbase Index
2019-05-13,86,Commercial Paper
2019-05-13,72,Daily Treasury Inflation-Indexed Securities
2019-05-13,279,Economic Policy Uncertainty
2019-05-13,378,Federal Funds Data
2019-05-13,101,FOMC Press Release
2019-05-13,15,G.5 Foreign Exchange Rates
2019-05-13,183,Gasoline and Diesel Fuel Update
2019-05-13,17,H.10 Foreign Exchange Rates
2019-05-13,18,H.15 Selected Interest Rates
2019-05-13,209,ICE BofAML Indices
2019-05-13,253,ICE Libor Rates
2019-05-13,444,ICE Swap Rates
2019-05-13,185,Interest on Required Balances and Excess Balances
2019-05-13,304,Interest Rate Spreads
2019-05-13,239,International Financial Statistics
2019-05-13,172,Japan Foreign Exchange Intervention
2019-05-13,256,LBMA Gold Price: Daily Prices
